epoch,train_total_loss,train_loss_joint_pos,train_loss_joint_vel,train_raw_mse_joint_pos,train_raw_mse_joint_vel,train_raw_rmse_joint_pos,train_raw_rmse_joint_vel,val_total_loss,val_loss_joint_pos,val_loss_joint_vel,val_raw_mse_joint_pos,val_raw_mse_joint_vel,val_raw_rmse_joint_pos,val_raw_rmse_joint_vel
1,0.6231146278663634,0.09747421975970391,0.5256404081204915,0.011704669957700968,0.5931309376881105,0.10818812299740192,0.7701499449380689,0.5341318413792902,0.0844665297370742,0.44966531225757783,0.010040139185701224,0.5049349633453993,0.10020049493740649,0.7105877590737117
2,0.48936058420044404,0.07652829655069392,0.4128322876885769,0.009076821526666707,0.4664465065813395,0.09527235447214846,0.6829688913715906,0.4911592660271475,0.08006025883763083,0.4110990077138685,0.00947769583206742,0.46212278179259625,0.097353458244006,0.6797961325225352
3,0.4553418752491109,0.07292161466740002,0.3824202604017213,0.008590887682627476,0.43201652295196263,0.0926870416111523,0.6572796383214398,0.4696911937935405,0.07785939358524645,0.3918317996255261,0.009142899657269908,0.4406356839663087,0.09561851105967875,0.6638039499478056
4,0.43508996955510815,0.07078083911941829,0.36430913037431734,0.00830800278563329,0.41136803996299104,0.09114824620163182,0.6413797938530579,0.45351649995984306,0.07602440904924854,0.37749209064235495,0.008916399944587726,0.4243734589520995,0.09442669084844457,0.6514395282388838
5,0.42133813655557767,0.06944173412790718,0.3518964024497821,0.00813039976946228,0.39733742313560827,0.09016872944353979,0.6303470656198918,0.4435652395677898,0.07483374102830939,0.3687314986211165,0.008767411734061615,0.4151095690503734,0.09363445804863514,0.6442899727998049
6,0.411222963617843,0.06847035989301367,0.34275260363889626,0.007998563586420808,0.3871333730060215,0.08943468894350115,0.62220042832356,0.4367751918447414,0.07460337001012944,0.3621718215373434,0.00869468296073536,0.40780137555105284,0.09324528385251106,0.638593278661037
7,0.40346356024641344,0.06776454607506745,0.33569901421038983,0.007900458336451024,0.3793340234776291,0.08888452247973785,0.6159009851247432,0.43058481837874285,0.07400863754615243,0.35657618180175094,0.008635524337519856,0.40130980961959356,0.09292752195942737,0.6334901811548412
8,0.3971791309166997,0.06720759649364565,0.32997153431563014,0.007823538081160835,0.3730801734128192,0.08845076642494872,0.6108028924397945,0.4256574091469123,0.07360379098289717,0.3520536191367406,0.008580451835423143,0.39665203974335533,0.09263072835416519,0.6298031753995492
9,0.39199911072385546,0.06672534109503982,0.32527376955764403,0.007757463844874226,0.36799681096916265,0.08807646589682301,0.6066274070376005,0.42119020359945536,0.07308287000865149,0.348107332520599,0.008506350124338568,0.39243798022025134,0.09222987652782892,0.6264487051788449
10,0.3875722820234217,0.06628103776106348,0.3212912442219814,0.007695963423647162,0.3637038143423874,0.08772664033033045,0.6030786137332241,0.4178016226359055,0.0727532377973182,0.3450483838727848,0.008438740470220692,0.3889934691108035,0.0918626173708364,0.6236934095457507
11,0.38374946034324975,0.06587663000664619,0.3178728301959664,0.00763904583407969,0.3600362485259147,0.08740163519110893,0.6000302063445762,0.4151270565901255,0.07275523691035306,0.3423718191133015,0.008440443625541494,0.3866630714124645,0.0918718870250388,0.621822379311379
12,0.38036649967332176,0.06550418474632143,0.3148623149625709,0.007588702122048454,0.35680783608795225,0.08711315699737011,0.5973339401774792,0.4128577144234522,0.07261554771975068,0.3402421661592808,0.008433243871353689,0.3842989729131431,0.09183269500212704,0.619918521188989
13,0.37731165874317496,0.06516281272615537,0.31214884590950404,0.007543087031045364,0.35385948975919185,0.08685094720868256,0.5948608995044067,0.4101753203700735,0.07207820991586168,0.33809711218169075,0.00838307961600616,0.3816749438760526,0.09155915910495334,0.6177984654206035
14,0.3745932276948822,0.06483911738151388,0.30975411033740313,0.007499895932707921,0.3512554939434407,0.08660193954356865,0.592668114498697,0.40791899468861326,0.07196280958353336,0.33595618522002607,0.008329907762182353,0.37937373908596733,0.09126832836303267,0.6159332261584589
15,0.37206179446251947,0.06455033814540727,0.307511456225318,0.007460376645230506,0.348864649425525,0.08637347188362006,0.590647652518424,0.4062162495623262,0.07180720918443036,0.33440903922284804,0.008318065518410639,0.37784763925765574,0.0912034293127766,0.6146931260862251
16,0.36979045519113196,0.06427392772016557,0.3055165275222125,0.007423670990125256,0.34668759500777047,0.08616072765550008,0.5888018299969613,0.4041453998811551,0.07137836435115694,0.33276703518898726,0.008239929115973326,0.37638355816545777,0.09077405530201527,0.6135010661485909
17,0.3676638770505671,0.06399932200588072,0.30366455499652517,0.007387697626626906,0.3447054256587106,0.0859517168335043,0.587116194342066,0.4030741849463146,0.07127701008277527,0.33179717495077743,0.008222164639364428,0.374983777157392,0.09067615253948763,0.6123591896570116
18,0.36569061428328636,0.06376604202752947,0.30192457226682795,0.007357327181560608,0.3428444785498191,0.08577486334329311,0.5855292294581195,0.39979089841035126,0.07081156211262064,0.3289793355835684,0.00816451177565489,0.3720346147607452,0.090357687972053,0.6099464031869892
19,0.36382299436691534,0.06352474534764699,0.3002982490405574,0.00732488489387345,0.3410832151346275,0.08558554138330522,0.5840233001641523,0.39953274298733504,0.0707027223398691,0.32883001890297386,0.008175640142705115,0.3721818133211598,0.09041924652807673,0.6100670564136043
20,0.3621375019580007,0.06330299090456552,0.29883451102282693,0.007295495990944008,0.33950383951739427,0.08541367566697974,0.5826695800515025,0.39777204257493703,0.07040692682340506,0.3273651163081754,0.008111229381471928,0.3703154648432316,0.09006236384568156,0.6085355082846289
21,0.36053042429507864,0.0630926525698477,0.29743777169741425,0.007269622062405834,0.33802950628224726,0.08526207868921466,0.5814030497703355,0.39690712473230627,0.07057624021456485,0.32633088555565476,0.00816590417598567,0.3697497073139492,0.0903653925791598,0.6080704789035143
22,0.3590646325156905,0.06289644228738855,0.2961681901425554,0.007244003609014823,0.33668207604320133,0.08511171252544988,0.580243118048979,0.3957605063241093,0.07028506193003499,0.325475444456867,0.008127554994318891,0.3686061104905053,0.09015295333109666,0.6071294017674529
23,0.3576805094433996,0.06270431881244314,0.2949761905445587,0.007220360988725521,0.3354050137579328,0.08497270731667622,0.5791416180503114,0.3948235320480397,0.06993830101136174,0.3248852314875423,0.008056746287788236,0.36818896406124507,0.0897593799432028,0.6067857645505909
24,0.3564088262871398,0.06254002895790156,0.2938687972861954,0.007198820518924917,0.3342192483887857,0.0848458632988369,0.5781169850374452,0.392222975907243,0.06957359486321549,0.32264938058058235,0.00800543501985546,0.36530113184635243,0.08947309662605547,0.6044014657877266
25,0.35517077560395227,0.06236642318836885,0.29280435240212443,0.007176734126521895,0.33307911351467573,0.08471560733726634,0.5771300663755751,0.391689104105226,0.06950891840670553,0.32218018605909093,0.007982348757257226,0.364584546882295,0.08934399116480764,0.6038083693377354
26,0.35406122354744607,0.062223637839067134,0.29183758576767227,0.007158232956873462,0.3320440522250641,0.08460634111503382,0.5762326372439035,0.3905654475640046,0.06909347567421467,0.32147197194901767,0.007944471404780079,0.36439102203093393,0.08913176428625251,0.6036480945310222
27,0.35298217717749053,0.06207338947803903,0.2909087876999162,0.0071400350153123715,0.331039102555535,0.08449872789168114,0.5753599764977878,0.39003249044478155,0.06933836923059744,0.32069412176247214,0.007923628776284452,0.3635634348044141,0.08901476718098213,0.6029622167303803
28,0.3519670913043296,0.06193707056049782,0.2900300207333814,0.007121106820026099,0.3300919670132954,0.08438665072169946,0.5745363060880447,0.3900327773071265,0.06947802300632942,0.32055475507927983,0.008012899887128038,0.36343408187786647,0.08951480261458458,0.6028549426502751
29,0.3509585492217091,0.061792270774606646,0.2891662784617079,0.0071055348861823785,0.32918047051934396,0.08429433484038164,0.5737425123863003,0.3889785989035741,0.06888820134927282,0.32009039810447526,0.007915758538927998,0.36287827000975054,0.08897054871657248,0.6023937831765452
30,0.3500172304620771,0.06165798238000706,0.2883592480250086,0.007087838831000873,0.32828483754626353,0.08418930354267622,0.5729614625315245,0.38869601654199276,0.06919105602960754,0.319504961650778,0.007916010014773017,0.36196862693678966,0.08897196195865874,0.6016382857970307
31,0.34920047164715606,0.06153170948368941,0.2876687621612806,0.007073678427168388,0.3275515346666722,0.08410516290435675,0.5723211813891499,0.388176887778373,0.0692802519645277,0.3188966362263624,0.007942169337277047,0.36160016134004425,0.08911884950602228,0.6013319892871526
32,0.3483692611112834,0.061406156398897294,0.2869631047668426,0.007055949358838361,0.3267658179288197,0.0839996985639732,0.5716343393541187,0.3867430082720101,0.0688645067865327,0.3178785000477789,0.007860658462386642,0.3600991247081537,0.08866035451308912,0.6000825982380706
33,0.3475440549437247,0.06127756618523892,0.28626648871655885,0.007040005518735429,0.3260079103150815,0.08390474074052925,0.5709710240590861,0.38545028694890787,0.06872715919347801,0.3167231274147213,0.007860953766361782,0.3590714787576868,0.08866201986398563,0.5992257327232258
34,0.3467576391600224,0.06115700211582644,0.2856006369769165,0.00702567771268288,0.325274973577118,0.08381931586861635,0.5703288293406865,0.3861901583648726,0.06881926213548008,0.31737089629646636,0.007888688067020094,0.3598024188475664,0.08881828678273464,0.5998353264418214
35,0.3460325584349584,0.06106169770634929,0.28497086056803117,0.007013456312998235,0.32459693501360143,0.08374638089492725,0.5697340914967275,0.385077468741019,0.06871900388360265,0.31635846391881267,0.007900441564337392,0.358564346697159,0.08888442813191404,0.5988024270969173
36,0.3453302529262182,0.06094531722510968,0.28438493562060246,0.0069982799136283184,0.3239366250237569,0.08365572253963453,0.5691543068656838,0.3844962354170103,0.06860884544031831,0.31588738933688465,0.007865124830917768,0.3585413319354982,0.08868553901802576,0.5987832094635739
37,0.34463617333382096,0.060836322399161966,0.2837998507787805,0.006985154506165706,0.32330232116436397,0.0835772367703414,0.5685968001707045,0.38463818266394106,0.06849692552968163,0.3161412574623872,0.007862104102498681,0.35849957124784787,0.08866850682456924,0.5987483371566453
38,0.34395225900103743,0.060739523782131134,0.28321273513337686,0.006973176643531612,0.32263226602646655,0.08350554857931065,0.5680072763851415,0.382813953746213,0.06818201094753916,0.314631943561727,0.007864971205758976,0.3573818536627942,0.08868467289086078,0.5978142300604714
39,0.3433406070741597,0.06063440684960194,0.2827062002093011,0.006960258641656905,0.3221087391965105,0.08342816455884011,0.5675462441039589,0.3829651438239314,0.06811307165330399,0.3148520723980688,0.007837723185977759,0.35747876620949026,0.08853091655448823,0.5978952803037421
40,0.34272731708485593,0.06053417893715084,0.2821931380491051,0.006947151736942762,0.32153966402313655,0.08334957550547431,0.5670446755090259,0.382382259574139,0.06795052443592121,0.31443173501359534,0.007807381610486919,0.35658313579219414,0.0883593889209682,0.5971458245623041
41,0.3421505816261091,0.060443629102589505,0.2817069524191042,0.006935934388320522,0.3210009398475775,0.0832822573440497,0.5665694483887898,0.3819355159776148,0.06806227399273311,0.31387324292725727,0.007828985809934507,0.3564539787856076,0.08848155632635825,0.5970376694862792
42,0.3415802994825369,0.06035758396511672,0.28122271537526344,0.006925178720983581,0.3204819075090465,0.08321765870885567,0.5661112147882662,0.38210359733362576,0.06804570538524203,0.31405789164760595,0.007835792498064783,0.3562238704199055,0.08852001185079442,0.5968449299607943
43,0.3410381595935658,0.060272913867602654,0.2807652457689907,0.00691394840564951,0.3199464298703019,0.08315015577645968,0.565638073214933,0.38073419453411883,0.06787839083272638,0.31285580298417454,0.007792175885331876,0.3549955237452451,0.0882733022228798,0.5958150079892627
44,0.34046485569898716,0.06017008530121231,0.2802947704294532,0.006901710173809777,0.31941080403737276,0.08307653202806299,0.5651644044323499,0.3809283112953935,0.06786786961227517,0.31306044121793847,0.007801860479034212,0.35527964127990186,0.08832814092368418,0.5960533879443198
45,0.339992502498645,0.0601053322558605,0.27988717009948133,0.0068932860240159734,0.3189804646547722,0.08302581540711283,0.5647835555810493,0.3814140526347206,0.06857336783283333,0.31284068410962407,0.00790416001763762,0.35510081258777687,0.08890534302075224,0.5959033584296843
46,0.3394829671904375,0.0600148851981334,0.279468082026618,0.00688270148720922,0.3185091613434159,0.08296204847524692,0.5643661589282404,0.3796565008715372,0.06749662703274337,0.312159873050579,0.007755139884820127,0.3540589450860801,0.08806327205379168,0.5950285245986785
47,0.338999293466685,0.0599419844996695,0.2790573089564244,0.006873309866773676,0.31804629607467594,0.08290542724558915,0.5639559345149903,0.380223942175377,0.06781017822284571,0.3124137640546898,0.007772807425656001,0.3546625233916603,0.0881635266176212,0.5955354929738952
48,0.3385066591143879,0.059859623340082185,0.2786470357267805,0.006862881559664503,0.3176048344599306,0.08284251058281915,0.5635644013419678,0.380166522198143,0.06773701092734057,0.31242951196612134,0.007786088786418365,0.35477676129723873,0.08823881677820915,0.5956313971721426
49,0.33803798602823043,0.059784670297304776,0.2782533156477994,0.006853106616768676,0.3171333879024376,0.08278349241707961,0.5631459738846026,0.3772504835237001,0.06741426397189697,0.3098362203022755,0.007726140334712099,0.35174743197246877,0.08789846605437492,0.5930829891106882
50,0.3376238340154446,0.05972527176954187,0.27789856219464143,0.006844413981476278,0.3167533493721278,0.08273097353153942,0.5628084482060729,0.37752356145255006,0.06730792742348181,0.31021563396367346,0.007717859621128467,0.3524002687646381,0.08785134956919255,0.5936331095589582
51,0.3372338806890414,0.05965300860176581,0.27758087204387494,0.006835852370638672,0.31640159334384327,0.08267921365517861,0.5624958607348531,0.3786063335769536,0.06723218619065201,0.31137414696441057,0.007719832997356377,0.3530809647568959,0.0878625801883622,0.5942061635130487
52,0.33675028897051507,0.05957764747650508,0.277172641393982,0.006825514569821155,0.3159093122516617,0.08261667246882529,0.5620581039818408,0.37728805907164026,0.06709826252404742,0.3101897958437674,0.0076967281930889,0.3521466311763306,0.08773099904303439,0.5934194394998622
53,0.33635320531261165,0.05952159303981172,0.2768316123094864,0.006818526830772167,0.31556935816385345,0.08257437151303161,0.5617556035891884,0.37783770916795895,0.06751505175952889,0.31032265605919523,0.007773181290891277,0.35215198284984234,0.08816564688636543,0.5934239486655745
54,0.3359584702364764,0.05945788553087643,0.2765005846244732,0.00681128747947537,0.315195398197287,0.08253052453168688,0.5614226555789203,0.3768094176712857,0.06709864372170528,0.30971077470499436,0.007711471530552064,0.3514596790911031,0.08781498465838312,0.5928403487374178
55,0.3355804179279582,0.05938951795823609,0.27619089988912443,0.0068010572762636865,0.3148276668116571,0.08246852294217283,0.561095060405683,0.3767033679285421,0.06706560966394949,0.3096377586745633,0.0077297465478842345,0.3515512738865606,0.08791897717719556,0.5929175945159332
56,0.3352200920543474,0.05933927199425784,0.27588081998197134,0.006796744730829656,0.3145122891614607,0.08244237218099475,0.5608139523598362,0.37547673530321457,0.06690474624682692,0.30857198965871513,0.007674555586468995,0.35059424465042827,0.08760454090096584,0.5921099937093008
57,0.33480104809624733,0.059263851759704576,0.2755371963562665,0.006786957025435533,0.3141079565774424,0.08238298990347177,0.5604533491535602,0.37593154949676355,0.06681303490935618,0.3091185151482762,0.007679428239502841,0.35084034545817366,0.08763234699300733,0.5923177740522174
58,0.3344913778268285,0.05922263248323258,0.27526874535683776,0.006781534018091501,0.31378733448584195,0.08235006993373777,0.5601672379618804,0.37577134545327845,0.06687327996533576,0.3088980661024372,0.007685071118598845,0.3508047784176368,0.08766453740594794,0.5922877496771622
59,0.33414075202433524,0.059159671453094746,0.27498108058669896,0.006772925476077161,0.3134906286557741,0.08229778536556838,0.5599023384982189,0.37572897124764937,0.06690169287539621,0.30882727983541564,0.0077117241453986156,0.3504049763166471,0.08781642298225666,0.5919501468169824
60,0.3337823752071064,0.059100850420325764,0.27468152475426444,0.0067646312850430015,0.3131369648122981,0.08224737859070648,0.5595864230056856,0.3765706838368865,0.06735190685586336,0.309218776522464,0.007763062051855018,0.3504206560784734,0.08810824054454282,0.5919633908262177
61,0.33344052565203014,0.05904533638042488,0.27439518933282175,0.006757250932374437,0.31282113594883343,0.08220249955064893,0.5593041533448804,0.3762765685926112,0.06718349426581215,0.30909307371754857,0.007702458986396642,0.3508723117267265,0.08776365413083392,0.5923447574907087
62,0.3331499632345291,0.059001491204086626,0.2741484720248137,0.006752028778039819,0.3125447419606549,0.08217072944814242,0.5590570113688361,0.3752944709689951,0.06678044451771378,0.3085140253080981,0.007685542879598622,0.3504259994545668,0.08766722808209818,0.5919679040746777
63,0.3328184855744095,0.0589493345524685,0.27386915097437003,0.0067455073082332935,0.31220915465692056,0.08213103742333523,0.5587567938351359,0.37551132553400624,0.0670289177323118,0.30848240795259263,0.0076752500069840295,0.35015982730075873,0.0876085041932804,0.591743041615834
64,0.33250291672887755,0.05889638723462555,0.273606529574602,0.00673793155661764,0.3119328100373169,0.08208490455995938,0.5585094538477544,0.3750814304679595,0.0670716863095913,0.3080097448837346,0.007697611393974747,0.35005366624355777,0.08773603247226733,0.5916533328255303
65,0.33220088176988793,0.058838579671339146,0.2733623019804269,0.006731695232758109,0.31165103488762547,0.08204690873371226,0.5582571404716875,0.3738313707513316,0.06658759267926606,0.3072437774524782,0.007639146373487402,0.3486225444086352,0.08740221034669204,0.5904426681809465
66,0.33186310554325704,0.05878267515322539,0.27308043040001734,0.00672430247102167,0.31132519872116077,0.08200184431475716,0.5579652307457524,0.373735257264906,0.06682173491088288,0.30691352307399433,0.007691727413916039,0.348900110812086,0.08770249377250364,0.5906776708257101
67,0.33160889034205304,0.05875639210618168,0.27285249838148606,0.0067195265542938885,0.3110706502877273,0.08197271835369307,0.5577370798931404,0.37330334574467705,0.06639084307849465,0.3069125027561739,0.007576177037545138,0.3485118997899883,0.08704123756901172,0.590348964418494
68,0.33130541946903014,0.05870274219230568,0.27260267722023795,0.00671275249886117,0.31078182883673594,0.08193138897187799,0.5574780971811681,0.374171418369754,0.06674669571256206,0.3074247219209794,0.007678080460121389,0.34928924496205543,0.08762465669046235,0.5910069753920468
69,0.33101829497725327,0.05865354527506932,0.27236474972044916,0.006706990489515093,0.3105351439199162,0.08189621779737506,0.5572568024886876,0.37411527469918715,0.0670218018124003,0.3070934725659402,0.007678180108597106,0.3487607359322332,0.08762522529840996,0.5905596802459793
70,0.3307651625755596,0.05861189476497943,0.2721532677424477,0.006700850541844668,0.3102820701681506,0.08185872306507516,0.5570296851767872,0.3733908221701981,0.0667013859952387,0.306689435480301,0.00766441649341168,0.34806313136174755,0.08754665323935393,0.5899687545639578
71,0.3304983078121601,0.05856855079694418,0.2719297570292651,0.006694917770072906,0.3100157228920231,0.08182247716900844,0.5567905556778268,0.3724398219968563,0.06651023391742798,0.3059295878726605,0.007651299909887057,0.34752606659768215,0.08747170919724306,0.5895134151125674
72,0.3301993960166446,0.05852397116216367,0.27167542484792273,0.006688493371887843,0.3097316063461067,0.0817832095963948,0.5565353594751251,0.3729971339535649,0.06659400150552529,0.30640313318772155,0.00765173103774591,0.3477704789599735,0.08747417354708709,0.5897206787623895
73,0.32998360071041655,0.05849555191599475,0.2714880486897435,0.006684881919371145,0.30952636217643026,0.08176112718994978,0.5563509343718498,0.3738513357554866,0.0667031195129351,0.3071482161815891,0.0076449579233490265,0.3489663843643056,0.08743545003800819,0.5907337677535504
74,0.3297010232422784,0.05844060712145869,0.2712604160437564,0.006678524078674514,0.3092668184795193,0.08172223735724882,0.556117630074357,0.37295361105463887,0.06656816637530975,0.3063854446285523,0.007698406301273786,0.34812436191801527,0.0877405624627161,0.5900206453320216
75,0.3294480930218651,0.05839812705803751,0.2710499659240562,0.006673374196351161,0.3090239220730653,0.08169072282916318,0.5558992013603413,0.37269970786675954,0.06673407005162299,0.3059656383714776,0.0076778713478176525,0.3470978629159554,0.08762346345481702,0.5891501191682434
76,0.3291853276698543,0.05835790283350533,0.27082742473168603,0.006668584434493684,0.30879145068094843,0.08166140112987093,0.5556900671066097,0.37325443572553096,0.0669255730357168,0.30632886322593517,0.007691506756889143,0.34763612416466355,0.08770123577743442,0.589606753832301
77,0.32895971973887067,0.05832068905414913,0.2706390307098417,0.006662514692793705,0.30855335842692433,0.08162422858927186,0.5554757946363859,0.372520603203823,0.06658442288011573,0.30593617996496697,0.007669209448884436,0.3472423479342315,0.0875740226830105,0.5892727279742644
78,0.3287476401665614,0.05828847491235613,0.27045916511034246,0.006658498845934732,0.3083414524737496,0.08159962528060244,0.5552850191331922,0.3711263834336784,0.0660326201404489,0.30509376227604545,0.007590623155490494,0.3461966402219467,0.08712418238061402,0.5883847722553216
79,0.3285106171326512,0.05824857776828298,0.2702620393735466,0.0066537787695568175,0.3081371587369887,0.08157069798375405,0.5551010347107891,0.3712322858481726,0.06629773113257392,0.3049345555508185,0.007606620047620561,0.34610454482102593,0.08721593918327407,0.5883065058462518
80,0.32828072114256834,0.05821140860025322,0.27006931247700466,0.006649326788276743,0.30789666250529385,0.08154340432111443,0.5548843685897935,0.3730566949646319,0.06699922889276987,0.306057465759522,0.007688660866480511,0.34763617989008805,0.08768500936009821,0.5896068010887324
81,0.32804791873459266,0.05817422854338118,0.26987369022181973,0.006644074523444084,0.3076948985435787,0.08151119262680484,0.5547025315820893,0.37247942884905255,0.06661566933942378,0.30586376015865885,0.0076507416726137,0.34762917005519206,0.08746851818004979,0.5896008565590726
82,0.32786639599860257,0.05814649031580324,0.2697199056000919,0.006640986074008513,0.307529152202485,0.0814922454839018,0.554553110353269,0.37218165177895934,0.06663294398294302,0.30554870866739503,0.007674976923926305,0.3464468213531076,0.08760694563746818,0.5885973337971449
83,0.3276244778281701,0.05810811451641125,0.2695163634289667,0.006634980137700619,0.3072940215690961,0.08145538740746752,0.5543410697116857,0.3705230547672694,0.06626578199812996,0.30425727315379725,0.007669588940923596,0.34533496055578344,0.08757618934918096,0.587652074407794
84,0.32741481343860485,0.05807535324598265,0.2693394602492953,0.00663134969465662,0.30708243126542384,0.08143309950294549,0.554150188365414,0.371699716910365,0.06632846415429644,0.30537125289393235,0.007594673952788665,0.34681656827277263,0.08714742654139974,0.5889113416065042
85,0.3272459709298303,0.05805221580373244,0.2691937550768666,0.006628747861449871,0.30693549624573907,0.08141712265518765,0.5540175956102289,0.37094471411407287,0.06633874813978384,0.30460596621365077,0.0076263373551260305,0.34560978931107406,0.08732890332029843,0.5878858641871516
86,0.3269914344383609,0.058003220748521635,0.26898821373001425,0.006622231622182001,0.30668252374049726,0.08137709519380747,0.5537892412646686,0.37125469317941,0.06626722638380989,0.3049874669366708,0.007594169313644926,0.3460505010755002,0.0871445311746235,0.5882605724298546
87,0.32678050071888487,0.05797170130075357,0.26880879933457086,0.006618004282449716,0.3064670267642946,0.08135111727843519,0.5535946411990407,0.37204899705556016,0.06661146361371839,0.30543753391460515,0.007654808031433624,0.3471050202049567,0.0874917597916148,0.5891561933858938
88,0.32662053844289884,0.0579498413233165,0.2686706970497437,0.006616075728588375,0.30633112329508155,0.08133926314264456,0.5534718812144674,0.37133755262635587,0.06644641392298087,0.30489113892170505,0.007592495490966685,0.34630253335639793,0.08713492692925544,0.5884747516728291
89,0.3263869221964477,0.05791268196544958,0.2684742401010284,0.006609974268837017,0.30610093167308466,0.0813017482520334,0.5532638897245009,0.3720507162519668,0.06649217921590686,0.3055585377910203,0.007640044911162116,0.34673312908819115,0.08740735044126503,0.5888404954554256
90,0.326212831743511,0.05788542413956072,0.268327407630373,0.006606330510347449,0.30594093627851676,0.08127933630602215,0.5531192785272602,0.3704643701228114,0.06622856781182351,0.3042358027859396,0.007579934458857369,0.34526465367797166,0.08706281903807944,0.5875922512065418
91,0.3260235874102117,0.05785361373966853,0.2681699735778959,0.006602803967775119,0.3057509539362799,0.08125763944254792,0.5529475146307106,0.3709547677475443,0.06656673801026086,0.30438802907150286,0.007636350378528346,0.34581778250876005,0.0873862138928581,0.5880627368816699
92,0.32580874089431777,0.0578140370252855,0.2679947037270774,0.006597176456538215,0.3055514270797496,0.08122300447864642,0.5527670640330785,0.370371967498549,0.06585063002250659,0.30452133765057443,0.007569665157774675,0.34578206751530965,0.08700382266185018,0.5880323694451774
93,0.3256665257656727,0.05779363437876618,0.26787289139769943,0.0065942302352245035,0.305401569889183,0.08120486583465614,0.5526314955638911,0.37041780464653246,0.06637934594038238,0.3040384588657617,0.00758932073773105,0.3453361355959674,0.0871167075693925,0.5876530741823507
94,0.3254972033085802,0.057760720612185255,0.26773648270861244,0.006590777067044854,0.30527489468815794,0.08118360097362554,0.5525168727633193,0.3707915626296493,0.06678125076281596,0.3040103128116996,0.007672437381319847,0.34525404574767815,0.08759245048130487,0.5875832245288136
95,0.3253203598220678,0.0577404297249532,0.2675799299455624,0.006586819904082028,0.30508451703958833,0.08115922562519944,0.5523445636915315,0.3706621474323742,0.06672299271629843,0.30393915435361935,0.0076880037082632914,0.3451644843268606,0.08768126201340451,0.5875070078959574
96,0.3250699665553376,0.05770266982669937,0.26736729655319197,0.006582384418242609,0.30484196729445967,0.08113189519691136,0.5521249562322461,0.369691972108855,0.06618611243187948,0.3035058587300722,0.007609612944418371,0.344706296389215,0.08723309546507203,0.587116935873268
97,0.3249473240082744,0.05767876611476069,0.26726855780384456,0.006580376568403688,0.3047207857405446,0.08111952026734187,0.5520152042657381,0.37032331171740746,0.06617636564610767,0.304146945548627,0.007587466294351932,0.34555353195194405,0.08710606347638454,0.5878380150619251
98,0.3247689420573291,0.057661850440465255,0.2671070915678038,0.006576084049815961,0.304556853192207,0.08109305796315712,0.5518666987527033,0.3697224168742448,0.06601268713748987,0.30370972940826907,0.0076067549802447555,0.34474405162405963,0.08721671273468609,0.5871490880722371
99,0.3246203122918428,0.05763280987030933,0.26698750235299734,0.006574400917485702,0.3044329796643245,0.08108267951594657,0.5517544559533022,0.37030370710116595,0.06648150226669843,0.3038222042231242,0.007644509527443562,0.34473727934091575,0.08743288584647976,0.5871433209540203
100,0.3244092801632653,0.05759563914643001,0.2668136409560988,0.006568998928858841,0.3042173025273976,0.08104936106385319,0.5515589746594625,0.37037887987771567,0.06631354718474598,0.3040653331620169,0.007602131629545852,0.345559597055614,0.08719020374758768,0.5878431738615445
101,0.3242392116374169,0.057582205512033545,0.2666570061752659,0.006566823688947418,0.3040438469093558,0.0810359407235297,0.5514017110141715,0.3694269699536419,0.06597020866735549,0.30345676232980184,0.0075272780513650295,0.34435614036097245,0.08675988734066585,0.5868186605425669
102,0.32409311421612874,0.05755209432955672,0.26654101986965506,0.006562680991237724,0.30391720736921496,0.08101037582456783,0.5512868648618566,0.3676083621113164,0.06554808035099542,0.3020602814435486,0.0075227457091141025,0.3429776624735577,0.08673376337455964,0.585642947941455
103,0.3239292539427838,0.057521420676553546,0.26640783332203505,0.006558069227906648,0.3037723094606488,0.08098190679347238,0.5511554313083097,0.36980376256357694,0.06628597947497619,0.3035177838135136,0.00757146030252285,0.34463364839140936,0.08701413852083378,0.5870550641902422
104,0.32382623200876126,0.057502371811707274,0.26632386017519,0.00655613360920864,0.30367842722511007,0.08096995497842789,0.5510702561607822,0.36935765482572824,0.0663125583243295,0.30304509609631397,0.007596138142908421,0.34431038422453325,0.08715582678690176,0.5867796726408757
105,0.32362627423426393,0.05747104524771766,0.26615522896443466,0.006551225677326031,0.3034987842298217,0.08093964218679268,0.5509072374091865,0.3690563428663857,0.06599815747505967,0.3030581846901982,0.007577379594311745,0.3440734643278694,0.08704814526635099,0.586577756420979
106,0.3234517056695446,0.05744352694026127,0.26600817870580823,0.006550073002056999,0.30331506350037984,0.0809325212881509,0.5507404683699754,0.3678166498688016,0.06602401311814092,0.3017926360586999,0.007529002946707315,0.3422076173524382,0.08676982739816483,0.5849851428476096
107,0.3233570832553291,0.057430439427012675,0.2659266438756856,0.006547501862024254,0.3032279107276249,0.08091663526138648,0.5506613394161832,0.36904047538060614,0.06643103613901993,0.3026094393514395,0.0075972730181581615,0.3435936027303331,0.08716233715406077,0.586168578764107
108,0.3231545396857249,0.05740059242488958,0.2657539471983469,0.0065423099276079545,0.30301880487525695,0.0808845469024087,0.5504714387461506,0.36938656577291934,0.06632321297589922,0.3030633531370682,0.007578482895217006,0.34374828550819797,0.08705448233845862,0.586300507852584
109,0.3230331539549561,0.05737227762154361,0.2656608762596053,0.006539081391200934,0.30291966281600247,0.08086458675589045,0.550381379423398,0.3674114521917235,0.06581098135408031,0.30160047153907343,0.007528200477010801,0.3426502525492074,0.08676520314625444,0.5853633508763658
110,0.3228585885021699,0.05735058306654043,0.2655080054078891,0.0065359181127940015,0.3027467215440437,0.08084502528167087,0.5502242465977337,0.368518073072176,0.0659787316686464,0.302539341128367,0.007506924494531218,0.34351856032770783,0.08664250974280015,0.5861045643293591
111,0.32269202490672877,0.05732430852164724,0.26536771638078577,0.006533388375584363,0.302611404649587,0.08082937817145672,0.5501012676313217,0.36934933242665047,0.06615130393080129,0.3031980286503123,0.0075876531885731135,0.34417141247802197,0.08710713626662923,0.586661241670201
112,0.32259758305456365,0.057301804340221196,0.2652957786962943,0.0065300502583690865,0.302500509546554,0.08080872637512045,0.5500004632239449,0.3692316370079009,0.06611520764769628,0.303116428623634,0.007537355689150243,0.34428748790572694,0.08681794566303815,0.5867601621665592
113,0.3224189239406864,0.05727833279730722,0.26514059116936767,0.006526576944221044,0.3023247347336979,0.08078723255701388,0.549840644854214,0.36873897341853534,0.06610646504583083,0.30263250758128285,0.007584029889549412,0.3435047797626865,0.087086335837199,0.5860928081478961
114,0.3223044570825289,0.05727181048201345,0.26503264658598635,0.006526555128760356,0.3022312908954867,0.0807870975389038,0.5497556647234176,0.3670082860252556,0.06554980534761187,0.3014584819245689,0.007472955525928821,0.3422613934406129,0.08644625802155245,0.5850311046778734
115,0.32212783739382683,0.05723321233521591,0.26489462512178114,0.006520554217596791,0.30206472492861214,0.08074994871575332,0.5496041529397427,0.3663989624076541,0.06538095970889227,0.3010180041527095,0.007504311769080941,0.3418962879885235,0.08662743081196014,0.5847189820661918
116,0.3220577919182839,0.057224219019547266,0.2648335729297637,0.006519757004137583,0.30199870737055445,0.0807450122554798,0.5495440904700499,0.36812095968746716,0.06615092014097805,0.3019700401269175,0.007555029534126904,0.34282392569260794,0.08691967288322537,0.5855116785279418
117,0.32189481657578384,0.05719345231596968,0.2647013642381062,0.0065158387716679166,0.30184987162151394,0.08072074560896918,0.5494086563037699,0.368270451632869,0.06619300221317075,0.30207744960354843,0.007575074960461456,0.3433626630385536,0.0870349065631799,0.5859715548032631
118,0.32176737085707063,0.057177204232741426,0.26459016651107464,0.006514186136819781,0.3017257606938347,0.08071050821807393,0.5492956951349925,0.3676285383701505,0.0657202430499136,0.3019082958013557,0.0074798231284694955,0.3429303455996972,0.08648597070316952,0.5856025491745209
119,0.3216617314109211,0.05715793021609908,0.26450380122152284,0.006510083172267065,0.30161987046456923,0.08068508643031291,0.5491992994028391,0.3676314660365401,0.0658909522674286,0.30174051373376426,0.007504439198207127,0.3425328244522885,0.08662816630985055,0.5852630386862718
120,0.321489898360777,0.05713359172823857,0.2643563065778038,0.006507602644924943,0.30145287724609604,0.0806697133063267,0.5490472450036481,0.36779995017945455,0.06628246783436703,0.3015174829976268,0.007528277697967391,0.34264486905283525,0.08676564814468564,0.5853587524354917
121,0.32137316902569635,0.057101243247576046,0.26427192577247627,0.006503126628257989,0.30138394270513197,0.08064196567704676,0.5489844649032721,0.36816621369400787,0.06610760018926244,0.30205861227330555,0.007575336605872216,0.34322935591629444,0.08703640965637437,0.585857794960769
122,0.3212136387641471,0.05709426510548599,0.26411937364847365,0.006503089568251347,0.3012069034092133,0.080641735895573,0.5488231986798784,0.3686560472025797,0.06618615189282313,0.3024698951248878,0.007561718317101327,0.3434036695509119,0.086958141177818,0.5860065439488811
123,0.32110339522888226,0.0570741325709109,0.2640292626918358,0.006500267289588351,0.3011179211303033,0.08062423512560198,0.5487421262581389,0.3680569407199789,0.06604120388703731,0.3020157370918072,0.00751031830664912,0.34339341620894276,0.08666209267407013,0.5859977953959749
124,0.3210022002929975,0.05705573037476688,0.26394646990146964,0.006497461363331232,0.30099749583136026,0.0806068319891759,0.5486323867867812,0.3668893711298287,0.06569447778077966,0.30119489293872026,0.007466513401325569,0.3423809794436001,0.08640898912338675,0.5851333005765439
125,0.3208498669612786,0.057032739895814984,0.2638171271323394,0.006494646966032357,0.3008672320432202,0.08058937253777546,0.5485136571164114,0.36743289457438705,0.06603269207348988,0.3014002022627608,0.007517903530163325,0.3424036974258587,0.08670584484429712,0.5851527129099366
126,0.32074315856507596,0.05701350297835603,0.2637296556188935,0.006492726012445271,0.30079100086349136,0.08057745349938326,0.5484441638521568,0.366605754068668,0.0655752006124017,0.3010305534790328,0.007494335039695231,0.34208545064115653,0.08656982753647618,0.5848807148822369
127,0.32061888868060173,0.056981303882150086,0.26363758478997024,0.006488030614796783,0.30065560962760557,0.08054831230259751,0.548320717853708,0.365908894713355,0.06549832236378698,0.30041057199882504,0.007433141572124364,0.3412023395000009,0.08621566894784477,0.5841252772308358
128,0.3205096537641657,0.05697893413036634,0.26353071963271396,0.006487587442784218,0.30056433642280656,0.0805455612854254,0.5482374817748296,0.3688466019353096,0.0662110722079512,0.30263553087272993,0.00753501463104584,0.34400672816269184,0.08680446204571422,0.5865208676276504
129,0.32036664872702114,0.05696150422995668,0.2634051445179041,0.006485524645195767,0.30040597741752256,0.08053275510744536,0.5480930371912441,0.3673472063155194,0.06561855935899388,0.3017286466234562,0.007521534512106891,0.34280237826803855,0.08672678082407355,0.5854932777308708
130,0.32026811903851654,0.05693802353534719,0.2633300954652109,0.006483370090105301,0.30030239112309765,0.0805193771095213,0.5479985320446558,0.36691418490880645,0.06603457585054306,0.3008796092421136,0.007515223083080408,0.34205754741362226,0.08669038633597388,0.5848568606194359
131,0.3201630063470405,0.05691324956670351,0.26324975686757246,0.006479401141567704,0.30022829461425093,0.08049472741470527,0.5479309213890479,0.3679813685572134,0.06606352549903842,0.3019178437280298,0.007568882326168327,0.3429117793467342,0.08699932371098253,0.5855866966954887
132,0.32003367596971094,0.05690389496671564,0.2631297809059149,0.006477331724086536,0.3000852368163077,0.08048187202150889,0.5478003621907417,0.36717303160720327,0.06578785861171939,0.301385173727829,0.007489673111620261,0.3428120266312282,0.0865428975226752,0.5855015171895186
133,0.31992833752003164,0.05688095811656089,0.2630473793637451,0.00647426412181959,0.30003376749573407,0.08046281204270449,0.5477533820030088,0.36733592918912217,0.06599721970069077,0.3013387091584177,0.0075236450094331615,0.34259884975834604,0.08673894747708875,0.585319442491317
134,0.31979871694006107,0.05686101232592813,0.26293770462999505,0.006473303235976149,0.29986087637722914,0.08045684082771426,0.5475955408668236,0.3671386857914167,0.06575815848107391,0.3013805262929518,0.007470233131010679,0.34219011639604524,0.08643051041739068,0.5849701841940709
135,0.31972038898097804,0.05684891171788095,0.26287147721296694,0.0064705575472617195,0.29979218319818773,0.08043977590260754,0.547532814722723,0.36773031643738024,0.0660576557140446,0.3016726607942768,0.007530952924081197,0.343460190297841,0.08678106316519288,0.5860547673194383
136,0.3195963607823502,0.056834645098639634,0.26276171564090006,0.006467606187684356,0.29968009726794265,0.08042142865980656,0.5474304497084015,0.36564047981676157,0.0656444313616004,0.2999960480924023,0.007537537701336345,0.3410135896642615,0.08681899389728233,0.5839636886521811
137,0.3195127494499806,0.05681510916557673,0.2626976402631758,0.006465995564269748,0.299637103949907,0.08041141439043183,0.547391180007412,0.3669576481315656,0.06583249279644096,0.30112515530762357,0.007506796016436706,0.34190384825225734,0.08664176831319122,0.5847254468998739
138,0.3193848227499482,0.056793490028735176,0.2625913328009424,0.006463938980722225,0.2994945710615679,0.08039862549025464,0.5472609716228336,0.3672535106940403,0.06567307882864554,0.3015804313067142,0.0074970267240809865,0.3421882950154004,0.08658537246025443,0.5849686273770589
139,0.31927706894934244,0.056777180513749394,0.26249988843032207,0.0064606789727913744,0.29936781210490776,0.08037834890560626,0.5471451472003638,0.3664074614571796,0.06566152019629923,0.3007459416857714,0.00749796639043337,0.3413518420531395,0.08659079853213833,0.5842532345251839
140,0.319175183811179,0.05675830174421941,0.26241688204418145,0.006459488880065276,0.29931740024166975,0.08037094549689755,0.5470990771712833,0.3667500268273594,0.065987209277851,0.30076281756769135,0.007520593988812727,0.3414404363902253,0.08672135831969381,0.5843290480458979
141,0.31906573665504534,0.056743498482629044,0.26232223812034766,0.0064564642611979525,0.2992067198080537,0.08035212667501684,0.5469979157255114,0.366583920467086,0.06546118775122284,0.3011227320147353,0.007456253615161546,0.34245557663146203,0.08634960112913982,0.585197040860138
142,0.31896353922738047,0.056729352812958135,0.2622341863506314,0.006455558408994059,0.2990771126268693,0.08034648971171086,0.5468794315266111,0.36578882512839617,0.06557987122927496,0.3002089532083858,0.007477371684454157,0.34089909095478155,0.08647179704651776,0.5838656446090843
143,0.31889285696663033,0.056713845421316925,0.2621790115307843,0.006453673559379775,0.29902498824412693,0.08033475934724504,0.5468317732576692,0.3669587107913367,0.06565156315956035,0.3013071478300376,0.007473009551624162,0.3424610416128181,0.08644657050238698,0.5852017101930053
144,0.31878721283025574,0.056706984994431144,0.26208022777746065,0.006452960715013285,0.29891534249323676,0.08033032251281758,0.5467315085974438,0.36666723550006675,0.0653005757742698,0.30136665951658614,0.007412027747091663,0.3423893567522989,0.08609313414606105,0.5851404589945041
145,0.31867489835328233,0.05668396943932895,0.26199092887940717,0.006450493677486465,0.29882231668160314,0.08031496546401838,0.5466464274845333,0.36602595524593173,0.06550685391339639,0.30051910105752394,0.007437543034771261,0.34106295912380363,0.08624119105607982,0.5840059581235483
146,0.31858884650247926,0.056670056023511474,0.26191879038804194,0.006447550861781961,0.29874665783561577,0.08029664290480618,0.5465772203775198,0.36553733489915186,0.06539004217952707,0.3001472925371512,0.007473357671791601,0.34069194446550854,0.0864485839779438,0.5836882253956375
147,0.31847233475755576,0.05663833292189074,0.26183400179918037,0.006442949967157964,0.298643213888441,0.08026798843348426,0.5464825833349504,0.3654817449570184,0.06554461998405589,0.29993712557574354,0.0074266164283619375,0.34041295772473146,0.0861778186563221,0.5834491903539942
148,0.3184174704370484,0.05663626082995294,0.2617812095530426,0.0064436564012798955,0.2985822862798615,0.080272388785185,0.5464268352486557,0.36608413333544965,0.06560988760736776,0.30047424618556684,0.0074570702478492104,0.3409980059463121,0.08635432964159476,0.5839503454458368
149,0.3182797362205947,0.056610826253494076,0.26166890993753195,0.006440751509222363,0.2984443097052925,0.08025429277753535,0.5463005671837551,0.366626168260005,0.06574748356141932,0.3008786850958244,0.007503401960630143,0.3416092543050752,0.08662217938051514,0.5844734846894898
150,0.31819072642791196,0.0565994654795469,0.2615912609073217,0.006437653808402275,0.29837113975655194,0.0802349911721954,0.5462335944964865,0.3659476857122386,0.06565233474395676,0.3002953508603622,0.00752980133441536,0.3414723044672978,0.08677442788296193,0.5843563163578347
151,0.3180925077388988,0.05657870555994863,0.2615138021999764,0.006435905867077432,0.2982884555359016,0.0802240977953472,0.546157903482044,0.3660538901459295,0.06571597793558584,0.3003379116701484,0.00747751664552768,0.3414089687710218,0.08647263524102686,0.584302121141984
152,0.31797423487530807,0.05656085353398018,0.2614133813219773,0.006434061600995697,0.2981808194518772,0.0802126025073099,0.5460593552461831,0.3660522963041393,0.06571159730324844,0.300340699391867,0.0075218414297241526,0.34108207910723704,0.08672855025724892,0.5840223275759558
153,0.3179262228105215,0.056547109115928876,0.2613791137059266,0.006431426707333152,0.2981407871573853,0.08019617638848595,0.5460226983902641,0.3652277394871508,0.065250628120307,0.29997711210137723,0.007448737233679852,0.3410229252582374,0.08630606718927616,0.5839716818975363
154,0.3178035163994919,0.05653996159947321,0.2612635547748832,0.0064307693391896315,0.2980332162961923,0.08019207778321766,0.5459241854838383,0.3648601203430642,0.0655284425918866,0.29933167714004116,0.007477972774722031,0.3399347818315432,0.08647527262010818,0.583039262684378
155,0.31776116231856555,0.05652855525051983,0.26123260697615996,0.006429698712759183,0.297949423105718,0.08018540211758736,0.5458474357416346,0.3652907573224918,0.06553014774383704,0.2997606094581622,0.00748223266294013,0.3406089252583661,0.08649989978572305,0.5836171050083832
156,0.31765980023454427,0.056514645107649336,0.26114515512951514,0.006427699685084057,0.2978579004440721,0.08017293611365407,0.5457635939159666,0.365356956991437,0.06531272361173376,0.3000442338249655,0.0074387293725292096,0.34109853953030783,0.08624806880463591,0.5840364196951315
157,0.31753725029086616,0.05649518047514377,0.2610420697252612,0.006425552924137445,0.29777505668256016,0.08015954668121224,0.5456876915256199,0.36589628815900743,0.06559034131181954,0.30030594673076955,0.007449596720036432,0.34094057077517614,0.08631104633844056,0.5839011652456058
158,0.31745288574952646,0.05647875684477702,0.2609741288545735,0.006422415373365115,0.2976908519991271,0.08013997362967569,0.5456105314224855,0.365261116127432,0.06541027852228654,0.29985083761212417,0.007438236853286082,0.34095582546281294,0.08624521350942371,0.5839142278304348
159,0.31737949167108775,0.05647248249682386,0.26090700912562276,0.006421967326345155,0.29761431263368093,0.08013717817807883,0.5455403858869488,0.3652253825841131,0.06548209797850513,0.29974328411379436,0.0074469576265908605,0.34062552311643796,0.08629575671254561,0.5836313246531906
160,0.3172908091860533,0.05645040252507144,0.26084040667512254,0.006420271201213005,0.29755008306812564,0.08012659484349129,0.5454815148729841,0.3658574313726564,0.06569875792725713,0.3001586731927962,0.007489816968403884,0.3410184849137175,0.08654372864860795,0.5839678800359807
161,0.31719713937386157,0.0564412991735778,0.26075584011086217,0.006417506160728738,0.29744868708915034,0.08010933878599136,0.5453885652350536,0.3647053156414773,0.06542479132449724,0.299280524750123,0.0074375028149461595,0.3398861843899622,0.08624095787354266,0.5829975852351039
162,0.3171266210395131,0.05642489811686938,0.2607017229704165,0.006415682868454316,0.29737532793812405,0.08009795795433437,0.5453213070641235,0.3660798485778285,0.06574523629299363,0.30033461212950435,0.007493352255534483,0.34171860505703644,0.08656415109925403,0.584567023579877
163,0.31705414460065456,0.056427038407401764,0.2606271061759475,0.006415701326765884,0.29729351660116593,0.08009807317761074,0.5452462898554798,0.3648198155220793,0.06540458200031785,0.2994152329681737,0.007495351711010648,0.34006166510041463,0.08657569930997178,0.5831480644745506
164,0.31694354339926073,0.05639759730214373,0.2605459460475923,0.006411882400457748,0.29719876923436833,0.08007423056425673,0.5451593980060954,0.36568745964738786,0.0656286391731121,0.3000588207272369,0.007471585121769638,0.34106361516783773,0.0864383313222186,0.5840065197990839
165,0.3168821220949334,0.05639856783538726,0.2604835541562314,0.006412383508013706,0.29716021235010465,0.0800773595219879,0.5451240339134797,0.36441316066690704,0.0648048543151434,0.29960830613073597,0.007398745933728267,0.3403553322129279,0.08601596324943567,0.5833998047762168
166,0.31680423179271894,0.056379343641969566,0.260424888014252,0.006409736058580623,0.2970851173546535,0.08006082724142077,0.5450551507459163,0.36544965877248586,0.06531923207491441,0.3001304256883847,0.007435841834331056,0.3410450531525648,0.08623132745314231,0.583990627623907
167,0.31671803417909233,0.05636791371181272,0.260350120484707,0.006408345205374506,0.2969841414386673,0.08005214054211483,0.5449625137921573,0.3653181471122893,0.06546150991569623,0.2998566372940725,0.007480664093712063,0.34102900551497134,0.08649083242582455,0.5839768878260263
168,0.31666513086387743,0.05635158664887003,0.26031354419153224,0.00640689328221708,0.2969387108624782,0.08004307141918705,0.5449208299032788,0.36502449305638746,0.06526229012094456,0.29976220338579795,0.007434367747306502,0.3406068462315488,0.0862227797470396,0.5836153238491505
169,0.31656660131404607,0.056339268394024866,0.2602273329065012,0.0064050005565263884,0.29687540609869667,0.08003124737579934,0.5448627406041788,0.36495519877535587,0.06552509072189043,0.29943010794630964,0.007436425271261836,0.3398152947657183,0.086234710362254,0.5829367845364696
170,0.3165009965739138,0.05632629114697206,0.2601747054499827,0.006403001646702672,0.2968006154076312,0.08001875809272893,0.5447941036828787,0.36562111644048045,0.06575066298650943,0.2998704526710002,0.007490992436878705,0.34097069143976877,0.08655051956446423,0.5839269572812757
171,0.31640605222569634,0.05630266079128194,0.260103391384425,0.006399881624975868,0.2967142186829374,0.0799992601526781,0.5447148049052251,0.3658197288833732,0.06578162637709395,0.30003810231264927,0.0075055335412171145,0.3406643485161909,0.08663448240289263,0.5836645856279022
172,0.31632945365793563,0.056294879587180914,0.2600345742053747,0.006398489615069004,0.29664697383267263,0.07999055953716666,0.5446530765842351,0.36464657668790357,0.06543328494280244,0.299213292432932,0.007464307908168644,0.34006571375146216,0.08639622623800558,0.5831515358390665
173,0.316263806141954,0.056288358220140666,0.25997544794206284,0.006397547783879789,0.29657610641217047,0.07998467218086093,0.5445880153034681,0.3653908135217575,0.0654548358596186,0.2999359780739398,0.007487731102355285,0.34095302108730846,0.08653167687243374,0.583911826466384
174,0.31618437645524794,0.05626859586041303,0.2599157804743404,0.006395456088261917,0.29652421935715434,0.07997159550904256,0.5445403744050153,0.3649352741436688,0.06508422621893867,0.2998510487015895,0.007414188474431876,0.3406173925857096,0.08610568201014307,0.5836243591435416
175,0.31608535659578046,0.056252605165796644,0.25983275148182006,0.006392669385941374,0.29640836337942034,0.07995417053500946,0.5444339844089643,0.36405550531996955,0.06543695914678278,0.29861854598944,0.007452711602271678,0.33929222324539665,0.08632908896931368,0.5824879597428574
176,0.3160358325915218,0.05624607570689848,0.25978975682230615,0.006392603743447897,0.2963783150059703,0.07995376003320855,0.5444063877343563,0.3645341099915979,0.06523025830485903,0.29930385196597575,0.007446304534198425,0.34023466579468314,0.08629197259420152,0.5832963790344349
177,0.31592862609701766,0.056230900117582416,0.25969772601652535,0.006389874755515454,0.2962544144252432,0.07993669217271537,0.5442925816371588,0.3650740473136534,0.06576529604692034,0.29930875180336336,0.00749143166830907,0.34036353689694476,0.08655305695530961,0.5834068365188608
178,0.31584814637267355,0.05621744335289442,0.25963070301757785,0.00638900068965148,0.2961788929172008,0.07993122474760085,0.5442232013771563,0.3643169450648686,0.0652767805238674,0.29904016525791677,0.007451559520661908,0.3399493625614641,0.0863224160960634,0.5830517666223678
179,0.31580800723820474,0.05621497221140246,0.2595930349579727,0.006388328929465976,0.2961508720437042,0.07992702252346184,0.5441974568515588,0.3644260807462404,0.06525342248742601,0.29917265955523525,0.007432473076018452,0.33946378597315374,0.08621179197777096,0.5826352083191967
180,0.31571220401283673,0.05619427862247502,0.2595179253823603,0.006385588892485333,0.296047495733342,0.07990987981773802,0.5441024680456265,0.3651094887649229,0.06563811264836188,0.29947137538996915,0.007484768027932776,0.34028127925904933,0.0865145538503943,0.5833363345952739
181,0.31564632229278433,0.05618733327284862,0.2594589890627157,0.006384484923620339,0.2959964280350228,0.07990297193234015,0.5440555376384132,0.36464796490520446,0.06553291826292472,0.2991150467370059,0.007448127605884866,0.33992404013717326,0.08630253533868439,0.5830300508011343
182,0.31555236183897567,0.05617771146678503,0.2593746505000964,0.006382996515436293,0.2958952495318036,0.07989365754198698,0.5439625442360931,0.3650032602475232,0.06558885183608042,0.29941440826054466,0.007485645441638179,0.34011612563859467,0.08651962460412192,0.5831947578970464
183,0.31550318498363067,0.056165044433651085,0.2593381405645239,0.006382477915212201,0.2958714013873996,0.0798904119103926,0.5439406230347202,0.3648213722987636,0.06561454336899465,0.29920682811578775,0.0075155064516715855,0.34002885100443253,0.08669202069205438,0.5831199284919292
184,0.3154392930332128,0.05615064615350895,0.25928864695064313,0.006379625151653467,0.295787026469865,0.07987255568500025,0.5438630585633345,0.36438392814997855,0.06523057492948417,0.2991533534933652,0.0074879088404925555,0.34015778241847466,0.08653270387831734,0.583230471099097
185,0.3153543803487661,0.05613761023530347,0.2592167701377756,0.006378813139063515,0.2957526233092262,0.07986747234677904,0.5438314291296763,0.3638501745748811,0.06530247376859226,0.2985477001584365,0.007447055276825534,0.33916164142284055,0.08629632249885005,0.5823758592376924
186,0.31529010949053177,0.056127183589922386,0.2591629257946592,0.006377183838965076,0.2956732747904765,0.07985727167243492,0.5437584710057182,0.36343177784815595,0.06513897169751118,0.29829280641358463,0.007419510665011627,0.338897104479443,0.08613658145649633,0.5821486961932003
187,0.3151991156481031,0.0561039470244156,0.25909516864587545,0.006375029588466328,0.29561120989323963,0.07984378240330507,0.5437013977297094,0.3643603522856959,0.0654691476674226,0.29889120383648027,0.007479414927715891,0.339783178506653,0.08648361074629049,0.5829092369371521
188,0.31517922596223164,0.05611190689071051,0.2590673189512589,0.0063755136384334825,0.2955659574971527,0.07984681357720846,0.5436597810185637,0.36455111351935476,0.06585108206584413,0.2987000312129791,0.007516511653958619,0.3391321183591148,0.08669781804612281,0.5823505115985688
189,0.315087612121834,0.05609957484800443,0.2589880371905015,0.006373592040238047,0.2954797712228631,0.07983477964044272,0.5435805103412585,0.36369313263003644,0.06517522018688808,0.29851791319229976,0.007417651077552795,0.33917133128591753,0.0861257863682695,0.5823841784302846
190,0.3150312111139763,0.05608878199989434,0.25894242901700154,0.006373060957880089,0.295441219992957,0.07983145343710141,0.5435450487245349,0.36406981940059624,0.0650409763374279,0.2990288437190737,0.0074533105564874415,0.33939202885167274,0.08633255791697268,0.5825736252626553
191,0.3149544189600858,0.056079751650949757,0.2588746672453756,0.006371026294086082,0.29536267737871646,0.07981870892269607,0.543472793595702,0.36399589733075005,0.06519883397103998,0.29879706369410036,0.00746609225482452,0.3396048025656539,0.08640655215216332,0.5827562119494342
192,0.3148847722766743,0.05605706133288403,0.25882771094620866,0.006368380324140732,0.2952856269411434,0.07980213232828264,0.5434019018563916,0.36452117812369755,0.06526010834937024,0.299261069695182,0.007455879290187356,0.34051730866991103,0.08634743360510118,0.583538609408076
193,0.31482741301984296,0.0560560644909911,0.25877134874683044,0.006368626474125944,0.29522150344459275,0.07980367456531023,0.5433428967462377,0.36454718504090056,0.06530098193665167,0.2992462038044059,0.007470983274668388,0.34022149965053095,0.08643484988514985,0.583285092943863
194,0.31477325998735706,0.056037112530717484,0.25873614745423645,0.006365222214932377,0.2951950262204383,0.0797823427515912,0.5433185310850701,0.36522221912588515,0.06566201277986486,0.2995602060737065,0.007513488226013474,0.34020879962439504,0.08668037970621421,0.5832742062052761
195,0.314681960479005,0.05602333459961989,0.25865862596494504,0.006364342354760283,0.2950980251477027,0.0797768284325736,0.5432292565277599,0.3640780584509787,0.06518457195801118,0.2988934868173791,0.007441697446895146,0.3397966590735886,0.08626527370208215,0.5829208000008137
196,0.3146297201810497,0.0560126846088142,0.2586170356023485,0.006362040146258663,0.2950396005537444,0.07976239807239163,0.5431754786012937,0.3639324899530096,0.06504846814192201,0.2988840222063926,0.007406742877026837,0.3397831408411375,0.08606243592315312,0.5829092046289349
197,0.3145640276826845,0.056009085249793325,0.25855494247520644,0.006362598015340069,0.29500012197261216,0.07976589506386843,0.54313913684489,0.36385050873434716,0.06548244961356842,0.29836805950380535,0.007436730382470634,0.3385645136545832,0.08623647941834496,0.5818629681072539
198,0.3145176854641232,0.05600435270216309,0.2585133327767673,0.006361280605730341,0.29492565591798797,0.07975763666088873,0.543070580972665,0.3640083518973468,0.06488428671658344,0.2991240654565387,0.0074314759157068635,0.3398393525208117,0.08620600858238864,0.5829574191318022
199,0.31447545321873077,0.05599917581257302,0.25847627742070206,0.0063618122080269434,0.2949267833766637,0.07976096920190315,0.5430716190123211,0.36298568009847276,0.06497604817568392,0.2980096318824045,0.0074128370012996984,0.33872347041824863,0.08609783389435358,0.5819995450326818
200,0.31437820455773685,0.05597186992488698,0.2584063346150341,0.0063569474855036225,0.29483078166296256,0.07973046773664144,0.5429832241082246,0.3637330133742256,0.06550657470820095,0.29822643837405577,0.007456676908271329,0.33888684121385965,0.08635205213700095,0.5821398811401428
201,0.3142877864574188,0.05596049994166897,0.2583272865724076,0.006356149471410632,0.2947167005461767,0.07972546313073779,0.5428781636299039,0.3641660924477398,0.065558018654135,0.2986080740427463,0.007466704070008465,0.3393904284076357,0.08641009240828565,0.5825722516629467
202,0.31426942554293535,0.05595960999123989,0.2583098154950834,0.0063562387210602716,0.294719551318939,0.07972602285991866,0.5428807892336392,0.36412546648452654,0.0651778083316545,0.29894765888536834,0.007466048998709736,0.3399172218208466,0.0864063018460444,0.5830242034605824
203,0.31418123886972854,0.05594483396815154,0.2582364048829081,0.0063533286162567775,0.2946480255338543,0.07970777011218402,0.5428149090931956,0.3637219365589956,0.0651902306686828,0.2985317053271999,0.007403869750459056,0.3393224308651854,0.08604574219831598,0.5825138889890827
204,0.31412208852917917,0.05593056586140177,0.2581915226547221,0.0063520651786313775,0.29459665423898546,0.07969984428235338,0.5427675876827811,0.36353093673570314,0.06531411596715238,0.298216820718132,0.007451874547409993,0.3389968558880083,0.08632424078675696,0.5822343650867822
205,0.3140756993399873,0.05593159401519814,0.25814410525856457,0.0063527107610500365,0.2945404794958662,0.07970389426527437,0.5427158367837318,0.3641192343699719,0.06538670583798226,0.2987325285642255,0.0074688284046510465,0.33951504278663186,0.08642238370151015,0.582679193713515
206,0.31401716340004626,0.05591381383639045,0.2581033495612374,0.00635099701786606,0.29449266061538126,0.07969314285348558,0.542671779822188,0.3627780314211159,0.06500491874963517,0.29777311406915297,0.007426496489208984,0.3383381185404922,0.08617712277170192,0.5816683922481023
207,0.31393904096006175,0.05590613605126761,0.25803290489621883,0.006349047164069216,0.2944205642495419,0.07968090840389068,0.5426053485264791,0.36455011985074287,0.06556618654165156,0.2989839333887937,0.00747560851779241,0.3395160971997534,0.0864616014065921,0.5826800985101116
208,0.3138372881663036,0.05588468298252804,0.257952605208911,0.0063456950602599005,0.2943368416347126,0.07965987107860457,0.5425281943223896,0.36360456326293455,0.065134774707062,0.2984697888545655,0.007404701569598414,0.3393312310905393,0.0860505756494308,0.5825214426015057
209,0.3138326009945547,0.05589193687218324,0.257940664006885,0.006347463300619586,0.2942985744999766,0.07967096899510878,0.5424929257603057,0.36280846089835506,0.06490559963847013,0.2979028616564631,0.007373960231204374,0.3386580439604447,0.08587176620522238,0.5819433339771534
210,0.3137753710199338,0.055882166065137844,0.2578932050004132,0.006346683408455286,0.2942545881136334,0.07966607438838244,0.5424523832684611,0.3648381098590572,0.06537309927495982,0.2994650105781372,0.007451492315133182,0.3398572874292011,0.08632202682475187,0.582972801620454
211,0.31369286509200933,0.05586210199734918,0.2578307630490581,0.006342951807585364,0.2941728183405684,0.07964265068156236,0.5423770075699821,0.3636693309557786,0.06545441110850382,0.29821491949994555,0.007475029459358691,0.33897452122136923,0.08645825269665523,0.5822151846365476
212,0.31364417472509315,0.05585694792436022,0.25778722682455063,0.006342650456177462,0.29413318707837605,0.07964075876193961,0.5423404715475105,0.36412471246956224,0.06528116183011798,0.29884355073111474,0.007462158905307662,0.3393094760503855,0.08638378844035298,0.5825027691353797
213,0.3135870669830179,0.05584816387428639,0.25773890303424263,0.0063421123923245015,0.2940918751629688,0.07963738062194475,0.542302383512159,0.36388878694511295,0.06525737864039743,0.2986314082183925,0.007420012117296749,0.3393820168050801,0.08613949220477649,0.5825650322539795
214,0.31353224244662103,0.05583997093507072,0.2576922715453842,0.006339704810509002,0.2940093408009756,0.07962226328426618,0.5422262819164851,0.36310812479254173,0.06533721219122163,0.29777091211561785,0.007456161093234812,0.3386927164846392,0.08634906538715292,0.5819731235071248
215,0.31348697621300264,0.05583303702446674,0.25765393906256856,0.0063387314444432255,0.2939856641280955,0.07961615065075192,0.5422044486428487,0.3630294613218053,0.06496371609834907,0.2980657450359376,0.007413768682535998,0.33874894009054535,0.08610324432061778,0.582021425800241
216,0.3134251303193563,0.05582065690537504,0.2576044734322007,0.006337861654377219,0.2939320536591158,0.07961068806622149,0.5421550088850197,0.3632964921719448,0.06528524811567066,0.29801124410378843,0.0074143670989805545,0.33866474928117957,0.0861067192440901,0.5819490950943902
217,0.3134081180684228,0.055814915604611465,0.25759320235569033,0.006337961775951976,0.29394385676760326,0.0796113168836691,0.5421658941390571,0.3638046541378777,0.0655556456250532,0.29824900832505125,0.007439408449474589,0.33904352900040363,0.08625200548088484,0.5822744447426863
218,0.31332176755748387,0.055813699794261026,0.2575080678713133,0.006336591579251477,0.2938227442283941,0.07960271087878526,0.542054189383676,0.3624231407118101,0.06470725035416051,0.29771588993235276,0.007368426424121747,0.33812098388522804,0.08583953881587288,0.5814817141451897
219,0.3132665604149371,0.05579471328306588,0.257471847095836,0.0063349277355702425,0.2938010391963099,0.07959225926916663,0.5420341679233053,0.3631668058873156,0.06505017402980645,0.29811663212819167,0.007427368200893178,0.3383934380079995,0.08618218029786191,0.5817159427143109
220,0.31318509716140736,0.055788006520496196,0.2573970906686516,0.0063346672952368545,0.2937094656467141,0.07959062316150599,0.5419496892209775,0.36270176403420096,0.06502058507578637,0.29768117885655854,0.007440563380827233,0.33851217795324295,0.08625870031960389,0.5818179938376287
221,0.31313984943524853,0.055770790005863456,0.2573690594597915,0.006331207013765115,0.2936840722389801,0.07956888219502091,0.5419262608870141,0.3632140088184502,0.0653675101297803,0.2978464980438175,0.007465256858287093,0.33850904450830677,0.08640171791282332,0.5818153010262851
222,0.313103680299258,0.05576105233126929,0.25734262800831975,0.006330999347872304,0.29365851732585346,0.07956757724018185,0.5419026825232124,0.3622065339734732,0.06464643816747008,0.2975600968037311,0.007353837982803089,0.3379169264891931,0.08575452164640118,0.5813062243681837
223,0.3130596173797672,0.055758847820515385,0.2573007694914924,0.006330528368779644,0.2936120733356389,0.07956461756823598,0.5418598281249856,0.36312070385574485,0.06498284391044012,0.2981378608687812,0.007394926067226268,0.33911882347550976,0.08599375597813058,0.5823390966400159
224,0.312987145216145,0.055745919260676687,0.25724122595176274,0.006328280330690414,0.2935369286931267,0.07955048919202454,0.5417904841293604,0.36222340581715,0.06456764856483603,0.29765575806370104,0.007340910402857308,0.3380928086872475,0.08567911299060763,0.5814574865690935
225,0.31294427196151275,0.05574268859382824,0.2572015834062942,0.006327773549099117,0.29351184208728087,0.07954730384556799,0.5417673320598806,0.36265210864668423,0.06464861294114242,0.29800349625679007,0.007380079134526779,0.3386987320373997,0.08590738696134796,0.5819782917234969
226,0.31289509752587424,0.05572985178631514,0.2571652456611933,0.00632629738116189,0.29345701909071203,0.07953802475019034,0.5417167332570705,0.3619790448228168,0.0646701534975808,0.29730889120596093,0.007397419069137178,0.3378505840046362,0.08600825000624752,0.5812491582829485
227,0.31280261408495286,0.055721061813278044,0.2570815523176347,0.006325890570638066,0.2933499569026977,0.07953546737549272,0.5416179067411802,0.36343698219548726,0.06523343421644785,0.29820354826733986,0.007403092549990448,0.33892544090542975,0.08604122587452162,0.5821730334749539
228,0.3127892442950434,0.055721693753272,0.25706755045825674,0.0063250794652848,0.2933472505783139,0.07953036819533027,0.5416154083649337,0.3636549283520407,0.06518156916112756,0.29847336021670723,0.0073959913535182106,0.3391486042236358,0.08599994972974234,0.5823646660157498
229,0.3127123145198239,0.05570745244652995,0.2570048619645675,0.006323647585528978,0.293284628950682,0.07952136559144955,0.5415575952294289,0.3634140765357472,0.06495387913281694,0.29846019707617916,0.007371536414041812,0.339145429850002,0.08585765204128175,0.5823619405919329
230,0.3126716692265975,0.055694605194703005,0.25697706412071064,0.0063226319719435755,0.2932513053470605,0.07951497954438255,0.5415268279107329,0.3632064665957183,0.06507352636133706,0.2981329400817483,0.00744649953672086,0.33889689387260036,0.0862931024863567,0.5821485153056738
231,0.3126482274869862,0.05570373299549864,0.2569444945070715,0.006323547171156676,0.2932250640277424,0.0795207342216901,0.5415025983573324,0.361686227287079,0.06450428873003992,0.2971819393136785,0.007309926872952282,0.3379892371471405,0.08549811034726021,0.5813684177414014
232,0.31257663975059746,0.05568482934976069,0.25689181033653535,0.006320216513416542,0.2931638747702151,0.0794997893922779,0.5414460959044909,0.36203202170045157,0.06499708595950399,0.2970349355900494,0.0073878513939913066,0.3373030031026818,0.08595261132735471,0.5807779292489357
233,0.31252865091231286,0.05568040161014965,0.25684824928520045,0.006320653006165079,0.29311762615330716,0.07950253458956563,0.5414033857977868,0.36266087529212876,0.06474005331818125,0.2979208213979992,0.007389052124641693,0.3389073498524478,0.08595959588458808,0.5821574957453076
234,0.31248917483481564,0.05566960814340976,0.25681956662911926,0.0063190795784764725,0.2930739728412272,0.07949263851751602,0.5413630693363071,0.36322506744552807,0.06507750316684434,0.29814756472120063,0.0074390009943044386,0.33872934993560594,0.08624964344450613,0.5820045961464617
235,0.31240763251217196,0.055653597864151874,0.2567540347225395,0.006317474881201413,0.2930080881745344,0.0794825445063343,0.5413022151945569,0.3629449223569627,0.06493915560778295,0.29800576499445425,0.007377957005630128,0.3387732854687849,0.08589503481360333,0.5820423399279342
236,0.31234595833541745,0.05564963816642981,0.256696320168584,0.006316213155436594,0.2929307192299499,0.07947460698510307,0.5412307449045646,0.3629010905047015,0.06476242598486145,0.2981386649735054,0.007377630757638446,0.33860829265019615,0.08589313568404897,0.5819005865697303
237,0.31232546461734484,0.055635385350660496,0.25669007925565906,0.00631416037230783,0.29293440644015284,0.07946169122481493,0.541234151213828,0.3621539889899603,0.06499948647302209,0.2971545033249115,0.007377617129003739,0.3376245195538971,0.08589305634918191,0.5810546614165462
238,0.31225130615062746,0.0556318015475269,0.25661950459596744,0.00631391059756971,0.29286181441309844,0.07946011954162735,0.5411670854857107,0.36260935051850074,0.06517051849961616,0.2974388327990543,0.007421300202391131,0.33770531748219296,0.08614696861985993,0.5811241842172746
239,0.3122642870376769,0.055631099936435544,0.2566331870617939,0.006314391619742453,0.2928815053466949,0.07946314629903886,0.5411852782058053,0.3630679909412368,0.06516762863374122,0.2979003632296989,0.0074494636890551314,0.3384393122722078,0.08631027568635806,0.5817553715026684
240,0.31215920851980383,0.055614824370916235,0.25654438424460446,0.0063127287218032735,0.29278779539819433,0.07945268228199268,0.5410986928446551,0.3632941275483443,0.06520049725385095,0.2980936299992619,0.0075019343855417114,0.33908193478911286,0.08661370783855007,0.5823074229211859
241,0.31214692835224833,0.055615279346705626,0.256531648873387,0.006310836567762632,0.2927864054562655,0.07944077396251016,0.5410974084730636,0.3624886256660966,0.0650472246933707,0.2974414009374821,0.007434382038308055,0.33832961258722594,0.08622286261953993,0.5816610805161593
242,0.3120763021025777,0.05559859855047117,0.2564777036096174,0.006308872581659512,0.2927016493595411,0.07942841167780905,0.5410190840992036,0.3624334210322694,0.06487770195265413,0.2975557184923116,0.007406942588434998,0.33810157300744526,0.08606359618581481,0.5814650230301435
243,0.31202790714420053,0.05559202777121963,0.25643587928402395,0.006309945421561423,0.29266126974477824,0.07943516489289502,0.540981764706333,0.36297317033355664,0.06507693532338768,0.2978962355574385,0.007431967662096166,0.3388992141896695,0.08620886069364428,0.5821505081932589
244,0.31199638095778864,0.055599325794825946,0.2563970550780845,0.006310018965966341,0.29259241917864554,0.079435627812502,0.5409181261324542,0.3625596834758803,0.06466725111212263,0.29789243129034587,0.007380470594681111,0.33893465987923377,0.08590966531584855,0.5821809511476941
245,0.3119182758341878,0.055578711216635004,0.25633956464833235,0.006306898097245874,0.29255514076408257,0.07941598137179867,0.5408836665717338,0.3624931362773956,0.06493575168786248,0.2975573847205216,0.007445450787418502,0.3387425796624236,0.08628702560303317,0.5820159616904192
246,0.31189657238897694,0.055567753414801815,0.25632881894141135,0.006305802610360784,0.2925608469782464,0.07940908392848253,0.5408889414456968,0.36220431104751843,0.06491585189373845,0.29728845959023326,0.0073925966431948814,0.33783968403252107,0.08598021076500616,0.5812397818736439
247,0.31182829661399625,0.05555616083185017,0.25627213571444774,0.0063045004526647895,0.29246788855098876,0.07940088445769851,0.5408030034596597,0.3627171103759727,0.0649204708441994,0.2977966395562187,0.007458339340973036,0.3386658597421001,0.08636167750207864,0.5819500491812851
248,0.3117960410704687,0.05555130589358767,0.25624473518582713,0.006303122212040507,0.29244503343518025,0.0793922049828603,0.5407818723248591,0.3636493073160756,0.06519313317550886,0.29845617407323827,0.007482348210496974,0.33938501312971864,0.08650056768887111,0.5825676039136733
249,0.31171340102617134,0.05554541290272959,0.25616798807027247,0.006302446373622289,0.2923654255662487,0.07938794854146497,0.5407082628980703,0.3619452422800971,0.06486024089185179,0.29708500079864986,0.007443348451231323,0.3375983004208439,0.08627484251640986,0.5810320993033379
250,0.3117393718565252,0.05554566097415316,0.2561937108654551,0.006302793888819204,0.29239706832840645,0.07939013722635327,0.5407375225822658,0.3627330952898338,0.06489025999995783,0.29784283439624015,0.007429910719370963,0.3386301665203212,0.08619692987207238,0.5819193814613165
